id,total_amount
1,1500.0
2,1200.0
4,900.0
5,1200.0
6,900.0
7,800.0
9,2000.0
10,1500.0
11,1050.0
13,800.0
14,900.0
15,700.0
16,1000.0
17,900.0
18,800.0
19,2000.0
20,1800.0
21,1650.0
24,1500.0
25,1200.0
26,600.0
27,800.0
28,900.0
30,700.0
31,700.0
32,900.0
34,800.0
36,1400.0
37,700.0
38,800.0
39,600.0
40,800.0
41,800.0
42,900.0
44,600.0
45,600.0
48,600.0
50,700.0
